{"cameraMode":{"drawMode":0,"name":"Shaded","section":"Shading Mode"},"sceneLighting":true,"audioPlay":false,"sceneViewState":{"m_AlwaysRefresh":false,"showFog":true,"showSkybox":true,"showFlares":true,"showImageEffects":true,"showParticleSystems":true,"showVisualEffectGraphs":true,"m_FxEnabled":true},"in2DMode":false,"pivot":{"x":1.8348243236541749,"y":-2.4703989028930666,"z":-20.972579956054689},"rotation":{"x":-0.0009047425701282918,"y":0.9968013167381287,"z":-0.07941257953643799,"w":-0.011397387832403183},"size":17.01857566833496,"orthographic":false}